{
  "test_summary": {
    "total_users": 150,
    "successful_users": 150,
    "failed_users": 0,
    "success_rate": 100.0,
    "total_test_time": 17.70342707633972,
    "total_requests": 600,
    "requests_per_second": 33.89174296099358
  },
  "response_times": {
    "min": 0.26668667793273926,
    "max": 13.54863452911377,
    "average": 2.6331600252787273,
    "median": 1.0383033752441406,
    "p95": 10.098183870315552,
    "p99": 12.276218891143799
  },
  "status_codes": {
    "302": 150,
    "200": 450
  },
  "performance_rating": "FAIR - Optimizations recommended"
}