{
  "test_summary": {
    "total_users": 150,
    "light_users": 45,
    "active_users": 105,
    "successful_users": 150,
    "failed_users": 0,
    "success_rate": 100.0,
    "total_test_time": 14.743018627166748,
    "total_requests": 510,
    "requests_per_second": 34.59264434898226
  },
  "light_users": {
    "count": 45,
    "successful": 45,
    "failed": 0,
    "success_rate": 100.0,
    "avg_response_time": 0.1,
    "median_response_time": 0.1,
    "p95_response_time": 0.1
  },
  "active_users": {
    "count": 105,
    "successful": 105,
    "failed": 0,
    "success_rate": 100.0,
    "avg_response_time": 1.9695826939174108,
    "median_response_time": 0.8714227676391602,
    "p95_response_time": 7.618234395980835
  },
  "overall_response_times": {
    "min": 0.1,
    "max": 10.170137166976929,
    "average": 1.6396563361672793,
    "median": 0.6726824045181274,
    "p95": 7.318429946899414,
    "p99": 8.913440465927124
  },
  "performance_rating": "GOOD - Great for production"
}