{
  "test_summary": {
    "total_users": 500,
    "light_users": 150,
    "active_users": 350,
    "successful_users": 494,
    "failed_users": 6,
    "success_rate": 98.8,
    "total_test_time": 28.737669467926025,
    "total_requests": 1700,
    "requests_per_second": 59.15580600220076
  },
  "light_users": {
    "count": 150,
    "successful": 150,
    "failed": 0,
    "success_rate": 100.0,
    "avg_response_time": 0.1,
    "median_response_time": 0.1,
    "p95_response_time": 0.1
  },
  "active_users": {
    "count": 350,
    "successful": 344,
    "failed": 6,
    "success_rate": 98.28571428571429,
    "avg_response_time": 4.868819474152156,
    "median_response_time": 1.2484683990478516,
    "p95_response_time": 22.343316555023193
  },
  "overall_response_times": {
    "min": 0.1,
    "max": 26.705851793289185,
    "average": 4.027263096360599,
    "median": 1.0490795373916626,
    "p95": 21.216620445251465,
    "p99": 25.545279264450073
  },
  "performance_rating": "POOR - Needs optimization"
}